{
  "project_info": {
    "project_number": "901842959164",
    "project_id": "nicatravel-15d9d",
    "storage_bucket": "nicatravel-15d9d.appspot.com"
  },
  "client": [
    {
      "client_info": {
        "mobilesdk_app_id": "1:901842959164:android:8810708080096dba617c39",
        "android_client_info": {
          "package_name": "com.example.nicatravel"
        }
      },
      "oauth_client": [],
      "api_key": [
        {
          "current_key": "AIzaSyAuc8x0-4CvENGC9PlkffuL7nAyRjROUVw"
        }
      ],
      "services": {
        "appinvite_service": {
          "other_platform_oauth_client": []
        }
      }
    }
  ],
  "configuration_version": "1"
}